post_id,user_id,recipe_id,date_created,date_modified
200,null,100,2023-02-22 13:23:44,2023-02-22 13:25:44
201,300,101,2023-02-22 13:23:44,2023-02-22 13:25:44
202,302,102,2023-02-22 13:23:44,2023-02-22 13:25:44
203,300,103,2023-02-22 13:23:44,2023-02-22 13:25:44
204,null,104,2023-02-22 13:23:44,2023-02-22 13:25:44
205,301,105,2023-02-22 13:23:44,2023-02-22 13:25:44
206,301,106,2023-02-22 13:23:44,2023-02-22 13:25:44
207,301,107,2023-02-22 13:23:44,2023-02-22 13:25:44
208,null,108,2023-02-22 13:23:44,2023-02-22 13:25:44
209,300,109,2023-02-22 13:23:44,2023-02-22 13:25:44
210,null,110,2023-02-22 13:23:44,2023-02-22 13:25:44
211,303,111,2023-02-22 13:23:44,2023-02-22 13:25:44
212,null,112,2023-02-22 13:23:44,2023-02-22 13:25:44
213,302,113,2023-02-22 13:23:44,2023-02-22 13:25:44
214,302,114,2023-02-22 13:23:44,2023-02-22 13:25:44
215,null,115,2023-02-22 13:23:44,2023-02-22 13:25:44
216,303,116,2023-02-22 13:23:44,2023-02-22 13:25:44
217,null,117,2023-02-22 13:23:44,2023-02-22 13:25:44
218,302,118,2023-02-22 13:23:44,2023-02-22 13:25:44
219,null,119,2023-02-22 13:23:44,2023-02-22 13:25:44